cac_improvement_pct,profit_change
5,42332.021500000264
10,84664.04300000006
15,126996.06450000033
20,169328.08600000013
